Date,Title
2016-12-19,61
2016-12-19,16
2016-12-19,7
2016-12-19,5
2016-12-19,7
2016-12-19,4
2016-12-19,5
2016-12-19,10
2016-12-19,4
2016-12-19,5
2016-12-19,5
2016-12-19,5
2016-12-19,4
2016-12-19,11
2016-12-19,8
2016-12-19,6
2016-12-19,9
2016-12-19,5
2016-12-19,12
2016-12-19,5
2016-12-19,4
2016-12-19,5
2016-12-19,5
2016-12-19,4
2016-12-19,9
2016-12-19,4
2016-12-19,4
2016-12-19,7
2016-12-19,4
2016-12-19,12
2016-12-19,7
2016-12-19,25
2016-12-19,6
2016-12-19,13
2016-12-19,12
2016-12-19,14
2016-12-19,7
2016-12-19,8
2016-12-19,37
2016-12-19,13
2016-12-19,9
2016-12-19,8
2016-12-19,5
2016-12-19,12
2016-12-19,6
2016-12-19,5
2016-12-19,10
2016-12-19,11
2016-12-19,5
2016-12-19,10
2016-12-19,6
2016-12-19,11
2016-12-19,8
2016-12-19,4
2016-12-19,11
2016-12-19,6
2016-12-19,5
2016-12-19,6
